{
  "comparisons": {
    "rel_action_q_vs_lane13_10case": {
      "mean_rank": -0.8291666666666666,
      "regret": -0.30250019978465226,
      "top1": 0.041666666666666644
    },
    "rel_action_q_vs_lane13_5case": {
      "mean_rank": -0.875,
      "regret": -0.45393262781673965,
      "top1": 0.04999999999999996
    },
    "target_soft_vs_lane13_5case": {
      "mean_rank": 0.7916666666666661,
      "regret": 0.09249333264571191,
      "top1": 0.0
    }
  },
  "interpretation": [
    "Target-only soft_quality on scalar ranker worsened 5-case rank/regret, so target brittleness alone is not the main blocker.",
    "Relational action-Q with soft_quality and no pairwise auxiliary improved both 5-case and 10-case over Lane 13 on all three aggregate metrics, but still failed the LOCO gate.",
    "Pairwise auxiliary loss hurt same-case micro-overfit in the first implementation, so it should remain disabled until pairwise target calibration is diagnosed.",
    "Remaining blocker is transfer/top1 reliability: 10-case still has zero-top1 held-out cases 1, 4, and 6."
  ],
  "runs": {
    "lane13_loco10": {
      "cases": 10,
      "gate_pass": false,
      "mean_rank": 6.254166666666666,
      "mode": "leave_one_case_out",
      "path": "artifacts/research/step6c_relation_aware_per_case_loco10.json",
      "per_case": [
        {
          "case_id": 0,
          "component_regret": {
            "Areagap_bbox": 0.10848580518936184,
            "HPWLgap": 0.09872946255784798,
            "Violationsrelative": 0.01992753623188408
          },
          "rank": 7.75,
          "regret": 0.9381337927495449,
          "top1": 0.0
        },
        {
          "case_id": 1,
          "component_regret": {
            "Areagap_bbox": 0.09930267027146666,
            "HPWLgap": 0.0880165553785004,
            "Violationsrelative": 0.012345679012345678
          },
          "rank": 5.333333333333333,
          "regret": 1.0969921208578473,
          "top1": 0.125
        },
        {
          "case_id": 2,
          "component_regret": {
            "Areagap_bbox": 0.45191184799357836,
            "HPWLgap": 0.0708099661769096,
            "Violationsrelative": 0.03858024691358025
          },
          "rank": 7.125,
          "regret": 2.119488300740473,
          "top1": 0.125
        },
        {
          "case_id": 3,
          "component_regret": {
            "Areagap_bbox": 0.30212579333178385,
            "HPWLgap": -0.01375194436746426,
            "Violationsrelative": 0.028846153846153837
          },
          "rank": 7.625,
          "regret": 1.458894059750287,
          "top1": 0.0
        },
        {
          "case_id": 4,
          "component_regret": {
            "Areagap_bbox": -0.038948691541712925,
            "HPWLgap": -0.009765665461006545,
            "Violationsrelative": 0.00972222222222222
          },
          "rank": 3.5,
          "regret": 0.19052404219365573,
          "top1": 0.16666666666666666
        },
        {
          "case_id": 5,
          "component_regret": {
            "Areagap_bbox": 0.06474868133237953,
            "HPWLgap": -0.016297928511493587,
            "Violationsrelative": 0.02355072463768115
          },
          "rank": 6.166666666666667,
          "regret": 2.022328311577265,
          "top1": 0.0
        },
        {
          "case_id": 6,
          "component_regret": {
            "Areagap_bbox": 0.06617370189038878,
            "HPWLgap": -0.00012691065481510813,
            "Violationsrelative": 0.019345238095238096
          },
          "rank": 6.375,
          "regret": 0.8143159141938127,
          "top1": 0.16666666666666666
        },
        {
          "case_id": 7,
          "component_regret": {
            "Areagap_bbox": 0.4362445585512193,
            "HPWLgap": 0.07152452071024172,
            "Violationsrelative": 0.03282828282828284
          },
          "rank": 9.458333333333334,
          "regret": 2.4482870641716943,
          "top1": 0.041666666666666664
        },
        {
          "case_id": 8,
          "component_regret": {
            "Areagap_bbox": -0.15136188497834402,
            "HPWLgap": -0.03874521535015666,
            "Violationsrelative": 0.01785714285714285
          },
          "rank": 4.5,
          "regret": 0.48722996531880663,
          "top1": 0.25
        },
        {
          "case_id": 9,
          "component_regret": {
            "Areagap_bbox": 0.6944237953696754,
            "HPWLgap": 0.03807387241371072,
            "Violationsrelative": 0.0059523809523809494
          },
          "rank": 4.708333333333333,
          "regret": 0.08034991736749635,
          "top1": 0.16666666666666666
        }
      ],
      "pools": 240,
      "ranker_kind": "scalar",
      "regret": 1.1656543488920883,
      "relational_pairwise_loss_weight": null,
      "target_kind": "oracle_ce",
      "top1": 0.10416666666666667,
      "zero_top1_cases": [
        0,
        3,
        5
      ]
    },
    "lane13_loco5": {
      "cases": 5,
      "gate_pass": false,
      "mean_rank": 5.683333333333334,
      "mode": "leave_one_case_out",
      "path": "artifacts/research/step6c_relation_aware_per_case_loco5.json",
      "per_case": [
        {
          "case_id": 0,
          "component_regret": {
            "Areagap_bbox": -0.004710814422028707,
            "HPWLgap": 0.08625325015371114,
            "Violationsrelative": 0.009057971014492761
          },
          "rank": 5.75,
          "regret": 0.37823932673423716,
          "top1": 0.125
        },
        {
          "case_id": 1,
          "component_regret": {
            "Areagap_bbox": 0.04703505929876381,
            "HPWLgap": 0.07099227215812859,
            "Violationsrelative": 0.0
          },
          "rank": 3.4583333333333335,
          "regret": 0.2464228102158549,
          "top1": 0.20833333333333334
        },
        {
          "case_id": 2,
          "component_regret": {
            "Areagap_bbox": 0.45761997775389324,
            "HPWLgap": 0.153083183839497,
            "Violationsrelative": 0.055555555555555546
          },
          "rank": 9.958333333333334,
          "regret": 2.8687721221280857,
          "top1": 0.0
        },
        {
          "case_id": 3,
          "component_regret": {
            "Areagap_bbox": 0.0862124246686926,
            "HPWLgap": 0.019435860770022257,
            "Violationsrelative": 0.016025641025641028
          },
          "rank": 4.541666666666667,
          "regret": 0.6821151974147578,
          "top1": 0.375
        },
        {
          "case_id": 4,
          "component_regret": {
            "Areagap_bbox": 0.09272981032158856,
            "HPWLgap": -0.005843457835785326,
            "Violationsrelative": 0.013888888888888886
          },
          "rank": 4.708333333333333,
          "regret": 0.5465494219035448,
          "top1": 0.125
        }
      ],
      "pools": 120,
      "ranker_kind": "scalar",
      "regret": 0.9444197756792961,
      "relational_pairwise_loss_weight": null,
      "target_kind": "oracle_ce",
      "top1": 0.16666666666666669,
      "zero_top1_cases": [
        2
      ]
    },
    "rel_action_q_loco10": {
      "cases": 10,
      "gate_pass": false,
      "mean_rank": 5.425,
      "mode": "leave_one_case_out",
      "path": "artifacts/research/step6d_relational_action_q_loco10.json",
      "per_case": [
        {
          "case_id": 0,
          "component_regret": {
            "Areagap_bbox": 0.07062723290286861,
            "HPWLgap": 0.2688248902916635,
            "Violationsrelative": 0.009057971014492757
          },
          "rank": 6.833333333333333,
          "regret": 0.7847841107501935,
          "top1": 0.041666666666666664
        },
        {
          "case_id": 1,
          "component_regret": {
            "Areagap_bbox": 0.12639617105986276,
            "HPWLgap": 0.012510054099939272,
            "Violationsrelative": 0.004629629629629627
          },